{
  "schema_version": 1,
  "captured_at": "2026-05-06T00:37:21+00:00",
  "eval_k": 10,
  "pipeline": "dense",
  "embedding_model": "sentence-transformers/all-MiniLM-L6-v2",
  "reranker_model": null,
  "retrieval": {
    "rerank_candidates": null,
    "dense_weight": null,
    "sparse_weight": null
  },
  "eval_set": "structural",
  "eval_set_size": 30,
  "strategies": {
    "fixed": {
      "chunks_total": 10681,
      "metrics": {
        "P@1": 0.3,
        "Recall@1": 0.3,
        "nDCG@1": 0.3,
        "P@3": 0.14444444444444443,
        "Recall@3": 0.43333333333333335,
        "nDCG@3": 0.37103099178571525,
        "P@5": 0.10000000000000003,
        "Recall@5": 0.5,
        "nDCG@5": 0.3968211789346847,
        "P@10": 0.05666666666666667,
        "Recall@10": 0.5666666666666667,
        "nDCG@10": 0.4184477859386534,
        "MRR": 0.3761507936507936,
        "hit_rate_top_5": 0.5
      }
    },
    "recursive": {
      "chunks_total": 12601,
      "metrics": {
        "P@1": 0.36666666666666664,
        "Recall@1": 0.36666666666666664,
        "nDCG@1": 0.36666666666666664,
        "P@3": 0.14444444444444443,
        "Recall@3": 0.43333333333333335,
        "nDCG@3": 0.4043643251190486,
        "P@5": 0.10000000000000003,
        "Recall@5": 0.5,
        "nDCG@5": 0.4330760956572748,
        "P@10": 0.06000000000000001,
        "Recall@10": 0.6,
        "nDCG@10": 0.4654994976425325,
        "MRR": 0.4291546416546417,
        "hit_rate_top_5": 0.5
      }
    },
    "header": {
      "chunks_total": 14218,
      "metrics": {
        "P@1": 0.4666666666666667,
        "Recall@1": 0.4666666666666667,
        "nDCG@1": 0.4666666666666667,
        "P@3": 0.17777777777777773,
        "Recall@3": 0.5333333333333333,
        "nDCG@3": 0.5043643251190486,
        "P@5": 0.10666666666666669,
        "Recall@5": 0.5333333333333333,
        "nDCG@5": 0.5043643251190486,
        "P@10": 0.06666666666666668,
        "Recall@10": 0.6666666666666666,
        "nDCG@10": 0.5495712313559827,
        "MRR": 0.5183649683649684,
        "hit_rate_top_5": 0.5333333333333333
      }
    }
  }
}
