{
  "schema_version": 1,
  "captured_at": "2026-05-06T00:37:10+00:00",
  "eval_k": 10,
  "pipeline": "dense",
  "embedding_model": "sentence-transformers/all-MiniLM-L6-v2",
  "reranker_model": null,
  "retrieval": {
    "rerank_candidates": null,
    "dense_weight": null,
    "sparse_weight": null
  },
  "eval_set": "curated",
  "eval_set_size": 20,
  "strategies": {
    "fixed": {
      "chunks_total": 10681,
      "metrics": {
        "P@1": 0.35,
        "Recall@1": 0.22678571428571428,
        "nDCG@1": 0.35,
        "P@3": 0.2833333333333333,
        "Recall@3": 0.5303571428571429,
        "nDCG@3": 0.4809541823122645,
        "P@5": 0.22000000000000003,
        "Recall@5": 0.6589285714285714,
        "nDCG@5": 0.5350340567062908,
        "P@10": 0.14000000000000004,
        "Recall@10": 0.7642857142857143,
        "nDCG@10": 0.5649009408489566,
        "MRR": 0.5508549783549783,
        "hit_rate_top_5": 0.8
      }
    },
    "recursive": {
      "chunks_total": 12601,
      "metrics": {
        "P@1": 0.55,
        "Recall@1": 0.35178571428571426,
        "nDCG@1": 0.55,
        "P@3": 0.3166666666666666,
        "Recall@3": 0.6035714285714285,
        "nDCG@3": 0.5861942930765143,
        "P@5": 0.23000000000000004,
        "Recall@5": 0.6571428571428571,
        "nDCG@5": 0.6145105478623372,
        "P@10": 0.15500000000000003,
        "Recall@10": 0.8625,
        "nDCG@10": 0.6835056705388886,
        "MRR": 0.6916666666666667,
        "hit_rate_top_5": 0.8
      }
    },
    "header": {
      "chunks_total": 14218,
      "metrics": {
        "P@1": 0.45,
        "Recall@1": 0.2767857142857143,
        "nDCG@1": 0.45,
        "P@3": 0.35,
        "Recall@3": 0.6303571428571428,
        "nDCG@3": 0.576940221769674,
        "P@5": 0.25000000000000006,
        "Recall@5": 0.7089285714285715,
        "nDCG@5": 0.6103339353118084,
        "P@10": 0.15500000000000003,
        "Recall@10": 0.7428571428571429,
        "nDCG@10": 0.6200052554926718,
        "MRR": 0.6226953601953602,
        "hit_rate_top_5": 0.85
      }
    }
  }
}
