{
  "schema_version": 1,
  "captured_at": "2026-05-06T00:38:51+00:00",
  "eval_k": 10,
  "pipeline": "hybrid-rerank",
  "embedding_model": "sentence-transformers/all-MiniLM-L6-v2",
  "reranker_model": "cross-encoder/ms-marco-MiniLM-L-6-v2",
  "retrieval": {
    "rerank_candidates": 20,
    "dense_weight": 0.6,
    "sparse_weight": 0.4
  },
  "eval_set": "structural",
  "eval_set_size": 30,
  "strategies": {
    "fixed": {
      "chunks_total": 10681,
      "metrics": {
        "P@1": 0.5666666666666667,
        "Recall@1": 0.5666666666666667,
        "nDCG@1": 0.5666666666666667,
        "P@3": 0.2333333333333333,
        "Recall@3": 0.7,
        "nDCG@3": 0.6420619835714305,
        "P@5": 0.14666666666666667,
        "Recall@5": 0.7333333333333333,
        "nDCG@5": 0.6564178688405437,
        "P@10": 0.07333333333333333,
        "Recall@10": 0.7333333333333333,
        "nDCG@10": 0.6564178688405437,
        "MRR": 0.6305555555555554,
        "hit_rate_top_5": 0.7333333333333333
      }
    },
    "recursive": {
      "chunks_total": 12601,
      "metrics": {
        "P@1": 0.6,
        "Recall@1": 0.6,
        "nDCG@1": 0.6,
        "P@3": 0.2666666666666666,
        "Recall@3": 0.8,
        "nDCG@3": 0.7130929753571458,
        "P@5": 0.16000000000000003,
        "Recall@5": 0.8,
        "nDCG@5": 0.7130929753571458,
        "P@10": 0.08000000000000002,
        "Recall@10": 0.8,
        "nDCG@10": 0.7130929753571458,
        "MRR": 0.685,
        "hit_rate_top_5": 0.8
      }
    },
    "header": {
      "chunks_total": 14218,
      "metrics": {
        "P@1": 0.5666666666666667,
        "Recall@1": 0.5666666666666667,
        "nDCG@1": 0.5666666666666667,
        "P@3": 0.2444444444444444,
        "Recall@3": 0.7333333333333333,
        "nDCG@3": 0.6630929753571457,
        "P@5": 0.15333333333333335,
        "Recall@5": 0.7666666666666667,
        "nDCG@5": 0.6759880689316304,
        "P@10": 0.08000000000000002,
        "Recall@10": 0.8,
        "nDCG@10": 0.6860224021204299,
        "MRR": 0.6492592592592593,
        "hit_rate_top_5": 0.7666666666666667
      }
    }
  }
}
