{
  "schema_version": 1,
  "captured_at": "2026-05-05T23:53:58+00:00",
  "eval_k": 10,
  "pipeline": "hybrid+rerank",
  "embedding_model": "sentence-transformers/all-MiniLM-L6-v2",
  "reranker_model": "cross-encoder/ms-marco-MiniLM-L-6-v2",
  "retrieval": {
    "rerank_candidates": 20,
    "dense_weight": 0.6,
    "sparse_weight": 0.4
  },
  "eval_set": "curated",
  "eval_set_size": 20,
  "strategies": {
    "fixed": {
      "chunks_total": 10681,
      "metrics": {
        "P@1": 0.6,
        "Recall@1": 0.40178571428571425,
        "nDCG@1": 0.6,
        "P@3": 0.3166666666666666,
        "Recall@3": 0.6517857142857143,
        "nDCG@3": 0.6082972221710753,
        "P@5": 0.22000000000000003,
        "Recall@5": 0.7053571428571429,
        "nDCG@5": 0.6371887954050404,
        "P@10": 0.15,
        "Recall@10": 0.8142857142857143,
        "nDCG@10": 0.6781572749184824,
        "MRR": 0.7008333333333333,
        "hit_rate_top_5": 0.85
      }
    },
    "recursive": {
      "chunks_total": 12601,
      "metrics": {
        "P@1": 0.4,
        "Recall@1": 0.2517857142857143,
        "nDCG@1": 0.4,
        "P@3": 0.35,
        "Recall@3": 0.6303571428571428,
        "nDCG@3": 0.565625502493128,
        "P@5": 0.25000000000000006,
        "Recall@5": 0.7321428571428571,
        "nDCG@5": 0.6013844966396494,
        "P@10": 0.16,
        "Recall@10": 0.8642857142857142,
        "nDCG@10": 0.6427264287181663,
        "MRR": 0.5988888888888889,
        "hit_rate_top_5": 0.85
      }
    },
    "header": {
      "chunks_total": 14218,
      "metrics": {
        "P@1": 0.45,
        "Recall@1": 0.3267857142857143,
        "nDCG@1": 0.45,
        "P@3": 0.2833333333333333,
        "Recall@3": 0.5535714285714286,
        "nDCG@3": 0.5264137123111432,
        "P@5": 0.22000000000000003,
        "Recall@5": 0.7053571428571429,
        "nDCG@5": 0.589898000779584,
        "P@10": 0.15500000000000003,
        "Recall@10": 0.8625,
        "nDCG@10": 0.644982453603329,
        "MRR": 0.6042261904761904,
        "hit_rate_top_5": 0.85
      }
    }
  }
}
