{
  "schema_version": 1,
  "captured_at": "2026-05-06T00:37:40+00:00",
  "eval_k": 10,
  "pipeline": "hybrid",
  "embedding_model": "sentence-transformers/all-MiniLM-L6-v2",
  "reranker_model": null,
  "retrieval": {
    "rerank_candidates": 20,
    "dense_weight": 0.6,
    "sparse_weight": 0.4
  },
  "eval_set": "structural",
  "eval_set_size": 30,
  "strategies": {
    "fixed": {
      "chunks_total": 10681,
      "metrics": {
        "P@1": 0.4666666666666667,
        "Recall@1": 0.4666666666666667,
        "nDCG@1": 0.4666666666666667,
        "P@3": 0.18888888888888886,
        "Recall@3": 0.5666666666666667,
        "nDCG@3": 0.5253953169047638,
        "P@5": 0.12666666666666668,
        "Recall@5": 0.6333333333333333,
        "nDCG@5": 0.5541070874429901,
        "P@10": 0.06333333333333334,
        "Recall@10": 0.6333333333333333,
        "nDCG@10": 0.5541070874429901,
        "MRR": 0.5320276497695852,
        "hit_rate_top_5": 0.6333333333333333
      }
    },
    "recursive": {
      "chunks_total": 12601,
      "metrics": {
        "P@1": 0.5666666666666667,
        "Recall@1": 0.5666666666666667,
        "nDCG@1": 0.5666666666666667,
        "P@3": 0.18888888888888886,
        "Recall@3": 0.5666666666666667,
        "nDCG@3": 0.5666666666666667,
        "P@5": 0.11333333333333336,
        "Recall@5": 0.5666666666666667,
        "nDCG@5": 0.5666666666666667,
        "P@10": 0.06000000000000001,
        "Recall@10": 0.6,
        "nDCG@10": 0.5785402395702675,
        "MRR": 0.584049559926753,
        "hit_rate_top_5": 0.5666666666666667
      }
    },
    "header": {
      "chunks_total": 14218,
      "metrics": {
        "P@1": 0.5666666666666667,
        "Recall@1": 0.5666666666666667,
        "nDCG@1": 0.5666666666666667,
        "P@3": 0.21111111111111108,
        "Recall@3": 0.6333333333333333,
        "nDCG@3": 0.6043643251190486,
        "P@5": 0.13333333333333336,
        "Recall@5": 0.6666666666666666,
        "nDCG@5": 0.6172594186935333,
        "P@10": 0.07000000000000002,
        "Recall@10": 0.7,
        "nDCG@10": 0.6283705298046445,
        "MRR": 0.610587656071527,
        "hit_rate_top_5": 0.6666666666666666
      }
    }
  }
}
