{
  "schema_version": 1,
  "captured_at": "2026-05-06T00:37:31+00:00",
  "eval_k": 10,
  "pipeline": "hybrid",
  "embedding_model": "sentence-transformers/all-MiniLM-L6-v2",
  "reranker_model": null,
  "retrieval": {
    "rerank_candidates": 20,
    "dense_weight": 0.6,
    "sparse_weight": 0.4
  },
  "eval_set": "curated",
  "eval_set_size": 20,
  "strategies": {
    "fixed": {
      "chunks_total": 10681,
      "metrics": {
        "P@1": 0.4,
        "Recall@1": 0.2767857142857143,
        "nDCG@1": 0.4,
        "P@3": 0.2833333333333333,
        "Recall@3": 0.5053571428571428,
        "nDCG@3": 0.4937503349954187,
        "P@5": 0.19000000000000003,
        "Recall@5": 0.5571428571428572,
        "nDCG@5": 0.5057895578650105,
        "P@10": 0.135,
        "Recall@10": 0.7625,
        "nDCG@10": 0.5724112467522359,
        "MRR": 0.552239010989011,
        "hit_rate_top_5": 0.7
      }
    },
    "recursive": {
      "chunks_total": 12601,
      "metrics": {
        "P@1": 0.5,
        "Recall@1": 0.3267857142857143,
        "nDCG@1": 0.5,
        "P@3": 0.3666666666666666,
        "Recall@3": 0.7053571428571429,
        "nDCG@3": 0.6300650542719646,
        "P@5": 0.26000000000000006,
        "Recall@5": 0.7589285714285714,
        "nDCG@5": 0.6551283460390589,
        "P@10": 0.16,
        "Recall@10": 0.8642857142857142,
        "nDCG@10": 0.6862386265594311,
        "MRR": 0.6666666666666667,
        "hit_rate_top_5": 0.9
      }
    },
    "header": {
      "chunks_total": 14218,
      "metrics": {
        "P@1": 0.4,
        "Recall@1": 0.2767857142857143,
        "nDCG@1": 0.4,
        "P@3": 0.29999999999999993,
        "Recall@3": 0.5803571428571429,
        "nDCG@3": 0.5309541823122645,
        "P@5": 0.26000000000000006,
        "Recall@5": 0.7589285714285714,
        "nDCG@5": 0.6149703328269747,
        "P@10": 0.16,
        "Recall@10": 0.7928571428571429,
        "nDCG@10": 0.624199117665953,
        "MRR": 0.5883333333333334,
        "hit_rate_top_5": 0.9
      }
    }
  }
}
